cinsiyet;fakulte;bolum;ders;egitim;platform;performans;haber1;haber2;haber3;haber4;haber5;haber6;haber7;haber8;haber9;haber10;haber11;haber12;haber13;haber14;haber15;haber16;haber17;haber18;haber19;haber20;haber21;haber22;haber23;haber24;arastirma;ders_acilsin_mi;performans_kotu
Erkek;Mühendislik Fakültesi;Makine Mühendisliði;Hayýr;Hayýr;Instagram;12;0;1;1;1;1;0;0;0;0;1;0;0;0;1;0;0;1;1;1;1;0;1;0;1;2;Hayýr;12
Erkek;Mühendislik Fakültesi;Makine Mühendisliði;Hayýr;Hayýr;Haber Uygulamalarý;18;0;1;0;1;0;1;1;1;1;1;1;1;0;1;1;1;1;1;1;1;0;1;0;1;4;Evet;6
Erkek;Mühendislik Fakültesi;Elektrik-Elektronik Mühendisliði;Hayýr;Hayýr;Twitter;18;1;1;1;0;0;1;1;1;1;1;1;0;1;1;0;1;1;1;1;1;0;1;0;1;3;Hayýr;6
Kadýn;Eðitim Fakültesi;Özel Eðitim Öðretmenliði;Hayýr;Hayýr;Haber Web Siteleri;18;0;1;0;1;1;0;0;1;1;1;1;0;1;1;1;1;1;1;1;1;1;1;0;1;4;Evet;6
Erkek;Mühendislik Fakültesi;Makine Mühendisliði;Hayýr;Hayýr;Haber Web Siteleri;19;1;0;1;1;1;1;0;0;1;1;1;1;0;1;1;1;1;1;1;1;1;1;0;1;3;Hayýr;5
Kadýn;Fen Fakültesi;Aktüerya Bilimleri;Hayýr;Hayýr;Twitter;16;0;1;1;0;1;0;0;1;1;1;1;1;1;1;0;1;0;1;1;1;0;1;0;1;4;Evet;8
Kadýn;Eðitim Fakültesi;Ýngilizce Öðretmenliði;Hayýr;Hayýr;Twitter;15;0;1;1;1;0;0;0;1;1;0;1;1;1;1;0;1;1;1;1;0;0;1;1;0;4;Evet;9
Erkek;Mühendislik Fakültesi;Makine Mühendisliði;Hayýr;Hayýr;Twitter;16;1;1;1;1;0;1;0;0;1;1;1;1;1;0;1;1;1;0;0;1;0;1;1;0;3;Evet;8
Erkek;Mühendislik Fakültesi;Elektrik-Elektronik Mühendisliði;Evet;Evet;Diðer;20;1;1;1;1;1;1;1;1;0;1;1;0;1;1;1;0;1;1;1;1;1;1;0;1;4;Evet;4
Erkek;Mühendislik Fakültesi;Endüstri Mühendisliði;Hayýr;Hayýr;Haber Uygulamalarý;13;0;1;0;1;0;1;1;1;0;1;1;0;1;1;0;1;0;1;0;1;0;1;0;0;4;Hayýr;11
Kadýn;Mühendislik Fakültesi;Endüstri Mühendisliði;Hayýr;Hayýr;Twitter;13;1;1;1;1;0;1;0;1;1;1;1;0;1;0;0;0;0;1;0;1;0;1;0;0;3;Hayýr;11
Erkek;Mühendislik Fakültesi;Endüstri Mühendisliði;Hayýr;Hayýr;Twitter;18;1;1;1;1;1;1;1;1;1;0;1;1;0;0;0;0;1;1;1;1;1;1;0;1;1;Hayýr;6
Kadýn;Mühendislik Fakültesi;Endüstri Mühendisliði;Hayýr;Hayýr;TV;18;0;1;0;1;1;0;1;1;1;1;1;0;1;1;1;1;1;1;1;1;1;1;0;0;4;Hayýr;6
Erkek;Mühendislik Fakültesi;Elektrik-Elektronik Mühendisliði;Hayýr;Hayýr;Instagram;19;0;1;1;1;1;0;1;1;1;1;1;0;1;0;1;1;1;1;1;1;1;1;0;1;4;Hayýr;5
Erkek;Mühendislik Fakültesi;Elektrik-Elektronik Mühendisliði;Hayýr;Hayýr;Twitter;17;0;1;1;1;1;0;1;1;0;1;1;0;1;1;1;1;1;0;1;1;0;1;0;1;2;Evet;7
Erkek;Mühendislik Fakültesi;Endüstri Mühendisliði;Hayýr;Hayýr;Instagram;12;0;1;1;1;0;1;1;0;1;1;0;1;1;0;0;1;0;1;0;1;0;0;0;0;5;Evet;12
Kadýn;Mühendislik Fakültesi;Endüstri Mühendisliði;Hayýr;Hayýr;Instagram;13;0;1;1;0;0;0;0;1;1;1;1;1;1;1;0;1;0;1;1;0;0;1;0;0;4;Evet;11
Erkek;Mühendislik Fakültesi;Elektrik-Elektronik Mühendisliði;Evet;Hayýr;Haber Uygulamalarý;11;0;1;1;1;0;0;0;0;0;1;0;1;1;1;0;0;0;0;1;0;1;1;0;1;4;Hayýr;13
Erkek;Mühendislik Fakültesi;Elektrik-Elektronik Mühendisliði;Evet;Hayýr;Instagram;13;1;1;0;1;0;0;0;0;0;1;0;0;1;1;1;1;0;1;1;0;1;1;0;1;3;Hayýr;11
Erkek;Mühendislik Fakültesi;Makine Mühendisliði;Hayýr;Hayýr;Twitter;16;1;0;1;1;1;0;1;1;1;1;1;0;1;1;0;0;1;1;1;1;0;1;0;0;4;Hayýr;8
Kadýn;Fen Fakültesi;Aktüerya Bilimleri;Evet;Hayýr;Haber Web Siteleri;15;1;1;0;1;0;0;0;0;1;1;1;0;1;1;0;1;1;1;1;1;1;1;0;0;4;Evet;9
Erkek;Fen Fakültesi;Aktüerya Bilimleri;Hayýr;Hayýr;Diðer;15;0;1;1;1;0;1;1;0;1;1;0;0;1;1;0;1;0;1;1;1;0;1;0;1;4;Hayýr;9
Kadýn;Fen Fakültesi;Aktüerya Bilimleri;Hayýr;Hayýr;Twitter;15;1;1;0;1;1;1;0;0;1;0;0;0;1;1;1;1;1;0;1;1;0;1;1;0;4;Evet;9
Erkek;Fen Fakültesi;Aktüerya Bilimleri;Hayýr;Hayýr;Haber Web Siteleri;18;0;1;1;1;0;0;1;1;1;1;1;1;1;1;0;1;1;1;1;0;1;1;0;1;4;Evet;6
Kadýn;Mühendislik Fakültesi;Endüstri Mühendisliði;Evet;Hayýr;Twitter;16;0;1;1;0;1;0;1;0;1;1;1;0;1;1;1;0;1;1;1;1;0;1;0;1;3;Hayýr;8
Kadýn;Fen Fakültesi;Aktüerya Bilimleri;Hayýr;Hayýr;Instagram;12;1;0;0;0;1;0;0;1;0;0;1;1;0;1;1;0;0;1;1;0;0;1;1;1;4;Hayýr;12
Kadýn;Fen Fakültesi;Aktüerya Bilimleri;Hayýr;Hayýr;Diðer;15;0;1;1;1;0;0;0;0;1;1;1;1;1;1;1;0;1;1;1;1;0;1;0;0;3;Evet;9
Kadýn;Mühendislik Fakültesi;Endüstri Mühendisliði;Hayýr;Hayýr;Instagram;15;1;1;0;1;1;0;0;1;0;0;1;0;1;1;1;1;1;1;1;0;0;1;0;1;3;Evet;9
Kadýn;Eðitim Fakültesi;Biyoloji Öðretmenliði;Evet;Hayýr;Twitter;8;0;1;0;0;1;0;0;0;1;0;1;0;1;0;0;0;1;0;0;0;1;1;0;0;2;Evet;16
Kadýn;Mühendislik Fakültesi;Endüstri Mühendisliði;Hayýr;Hayýr;Instagram;19;0;1;1;1;1;1;1;1;1;1;1;0;1;1;0;1;0;1;1;1;1;1;0;1;3;Evet;5
Kadýn;Fen Fakültesi;Aktüerya Bilimleri;Hayýr;Hayýr;Twitter;13;1;0;0;1;1;0;0;1;1;0;1;0;1;1;0;0;1;0;1;0;1;1;0;1;2;Evet;11
Kadýn;Mühendislik Fakültesi;Kimya Mühendisliði;Hayýr;Hayýr;Twitter;16;0;1;1;1;0;1;1;1;1;1;0;1;1;1;0;0;1;1;1;1;0;0;0;1;3;Evet;8
Kadýn;Mühendislik Fakültesi;Endüstri Mühendisliði;Hayýr;Hayýr;Instagram;19;1;1;1;0;1;1;0;1;1;0;1;0;1;1;0;1;1;1;1;1;1;1;1;1;3;Evet;5
Kadýn;Mühendislik Fakültesi;Endüstri Mühendisliði;Hayýr;Hayýr;Twitter;17;1;1;1;0;1;1;0;1;1;0;1;0;1;1;1;1;1;1;0;1;1;0;1;0;3;Hayýr;7
Kadýn;Mühendislik Fakültesi;Endüstri Mühendisliði;Hayýr;Hayýr;Instagram;18;1;1;1;0;1;1;1;1;1;0;1;0;1;1;0;1;1;1;0;1;1;0;1;1;1;Hayýr;6
Kadýn;Mühendislik Fakültesi;Geomatik Mühendisliði;Hayýr;Hayýr;Instagram;17;1;0;1;0;1;1;0;1;1;0;1;0;1;1;0;1;1;1;1;1;1;1;0;1;3;Evet;7
Erkek;Mühendislik Fakültesi;Elektrik-Elektronik Mühendisliði;Hayýr;Hayýr;Twitter;19;1;1;1;1;1;1;1;0;1;1;1;1;1;1;0;1;0;1;1;1;0;1;0;1;4;Hayýr;5
Erkek;Mühendislik Fakültesi;Nükleer Enerji Mühendisliði;Hayýr;Hayýr;Twitter;16;1;1;1;0;0;1;1;1;1;1;1;1;1;0;0;1;0;1;1;1;0;0;0;1;4;Hayýr;8
Erkek;Mühendislik Fakültesi;Nükleer Enerji Mühendisliði;Hayýr;Hayýr;Twitter;20;1;1;1;1;0;1;1;1;1;1;1;1;1;1;1;1;1;1;1;0;0;1;0;1;4;Evet;4
Kadýn;Mühendislik Fakültesi;Makine Mühendisliði;Hayýr;Hayýr;Diðer;18;1;0;0;1;1;0;1;1;1;1;1;1;1;1;0;1;1;1;1;1;0;1;0;1;3;Evet;6
Erkek;Fen Fakültesi;Ýstatistik;Hayýr;Evet;Diðer;18;1;1;1;0;0;1;0;1;0;1;1;1;0;1;1;1;1;1;1;1;1;1;0;1;4;Evet;6
Kadýn;Eðitim Fakültesi;Özel Eðitim Öðretmenliði;Evet;Hayýr;Instagram;20;1;1;1;1;0;1;1;1;0;0;1;1;1;1;1;1;1;1;1;1;1;1;0;1;3;Evet;4
Erkek;Mühendislik Fakültesi;Endüstri Mühendisliði;Hayýr;Hayýr;Twitter;20;1;0;1;1;1;1;1;1;1;1;1;1;1;1;0;1;1;1;1;1;0;1;0;1;4;Hayýr;4
Kadýn;Fen Fakültesi;Biyoloji;Hayýr;Hayýr;Twitter;18;0;1;1;1;1;1;1;1;1;1;1;0;0;1;1;0;1;1;1;1;0;1;0;1;3;Evet;6
Erkek;Fen Fakültesi;Biyoloji;Evet;Hayýr;Diðer;13;1;1;1;1;0;0;0;0;1;1;0;1;1;0;0;1;0;1;0;1;0;1;0;1;2;Hayýr;11
Kadýn;Fen Fakültesi;Biyoloji;Hayýr;Hayýr;Twitter;13;1;1;0;0;1;0;0;0;1;0;1;1;1;1;0;1;1;0;1;1;0;0;1;0;4;Evet;11
Kadýn;Fen Fakültesi;Biyoloji;Hayýr;Hayýr;Twitter;13;1;1;1;1;1;0;1;1;0;1;0;0;0;1;0;0;0;1;0;1;1;0;1;0;4;Hayýr;11
Kadýn;Fen Fakültesi;Biyoloji;Hayýr;Hayýr;Diðer;20;1;1;0;1;1;0;1;1;1;1;1;1;1;1;1;1;1;1;1;0;1;1;0;1;5;Hayýr;4
Erkek;Fen Fakültesi;Matematik;Hayýr;Hayýr;Twitter;16;0;1;0;1;0;1;1;1;1;1;1;1;1;1;0;1;0;1;1;1;0;1;0;0;3;Evet;8
Erkek;Mühendislik Fakültesi;Gýda Mühendisliði;Hayýr;Hayýr;Twitter;17;1;0;1;1;0;0;0;1;1;1;0;1;1;1;0;1;1;1;1;1;0;1;1;1;1;Hayýr;7
Kadýn;Fen Fakültesi;Biyoloji;Evet;Hayýr;Twitter;15;0;1;1;0;1;0;1;1;0;1;1;0;1;0;0;1;1;1;1;1;0;1;0;1;3;Hayýr;9
Kadýn;Fen Fakültesi;Biyoloji;Evet;Hayýr;Haber Uygulamalarý;14;0;1;0;0;0;1;0;1;0;1;1;0;1;1;1;1;0;1;1;1;1;1;0;0;2;Hayýr;10
Kadýn;Fen Fakültesi;Biyoloji;Evet;Hayýr;Instagram;11;0;1;0;1;1;0;0;1;1;0;1;0;0;1;0;0;0;0;1;0;1;0;1;1;4;Hayýr;13
Kadýn;Fen Fakültesi;Matematik;Hayýr;Hayýr;Twitter;11;1;1;1;0;0;1;0;0;1;0;1;0;1;1;0;0;0;1;1;1;0;0;0;0;4;Evet;13
Erkek;Mühendislik Fakültesi;Bilgisayar Mühendisliði;Hayýr;Evet;Diðer;14;0;1;0;1;0;1;1;0;0;1;1;0;1;0;0;1;0;1;1;1;0;1;1;1;5;Evet;10
Kadýn;Fen Fakültesi;Matematik;Hayýr;Hayýr;TV;13;0;1;1;0;0;1;1;0;1;1;1;0;1;1;0;0;1;1;0;1;0;1;0;0;4;Evet;11
Erkek;Mühendislik Fakültesi;Bilgisayar Mühendisliði;Hayýr;Hayýr;Haber Web Siteleri;14;1;1;1;1;0;0;0;1;1;0;1;0;0;1;0;1;0;1;1;0;1;1;0;1;4;Evet;10
Kadýn;Mühendislik Fakültesi;Gýda Mühendisliði;Hayýr;Hayýr;Haber Web Siteleri;11;0;0;0;1;0;0;0;1;1;0;1;0;0;1;0;1;1;1;1;1;0;1;0;0;4;Evet;13
Erkek;Eðitim Fakültesi;Matematik Öðretmenliði;Evet;Hayýr;Haber Web Siteleri;14;1;1;1;1;0;1;1;1;1;0;0;0;1;1;0;1;0;1;1;1;0;0;0;0;4;Evet;10
Erkek;Mühendislik Fakültesi;Nükleer Enerji Mühendisliði;Hayýr;Evet;Diðer;17;1;1;1;1;1;1;1;1;0;1;1;0;1;1;0;1;0;0;1;1;0;0;1;1;4;Hayýr;7
Erkek;Mühendislik Fakültesi;Bilgisayar Mühendisliði;Hayýr;Hayýr;Haber Web Siteleri;15;0;1;1;1;0;0;0;1;1;1;1;1;1;0;0;0;0;1;1;1;1;1;1;0;5;Evet;9
Erkek;Mühendislik Fakültesi;Elektrik-Elektronik Mühendisliði;Hayýr;Hayýr;Instagram;17;0;1;0;1;0;1;1;1;1;1;0;1;1;1;1;1;0;1;1;1;0;1;0;1;4;Hayýr;7
Erkek;Mühendislik Fakültesi;Hidrojeoloji Mühendisliði;Hayýr;Hayýr;Twitter;18;1;1;1;1;1;1;1;0;1;0;1;0;1;1;1;0;1;1;1;0;1;1;0;1;4;Hayýr;6
Erkek;Mühendislik Fakültesi;Bilgisayar Mühendisliði;Hayýr;Hayýr;Twitter;18;1;1;0;0;1;0;1;1;1;1;1;0;0;0;1;1;1;1;1;1;1;1;1;1;4;Evet;6
Erkek;Mühendislik Fakültesi;Elektrik-Elektronik Mühendisliði;Hayýr;Hayýr;Twitter;14;1;0;1;0;0;0;1;0;1;1;1;0;1;1;1;1;1;0;1;1;0;1;0;0;1;Hayýr;10
Erkek;Mühendislik Fakültesi;Elektrik-Elektronik Mühendisliði;Evet;Hayýr;Haber Uygulamalarý;16;1;1;1;0;1;0;0;0;1;0;1;0;1;1;1;1;1;1;1;1;0;1;1;0;4;Hayýr;8
Erkek;Mühendislik Fakültesi;Ýnþaat Mühendisliði;Hayýr;Hayýr;Instagram;16;0;1;1;0;1;1;0;1;0;0;1;0;1;1;0;1;1;1;1;0;1;1;1;1;4;Hayýr;8
Erkek;Fen Fakültesi;Kimya;Hayýr;Hayýr;Instagram;20;1;1;0;1;0;1;1;1;1;1;1;1;0;1;1;1;1;1;1;1;1;1;1;0;3;Hayýr;4
Erkek;Fen Fakültesi;Kimya;Hayýr;Hayýr;Twitter;13;0;1;0;0;1;0;0;1;0;0;1;0;1;1;1;0;1;0;1;0;1;1;1;1;3;Evet;11
Erkek;Fen Fakültesi;Kimya;Hayýr;Evet;Haber Web Siteleri;18;0;1;1;1;1;1;1;1;1;1;1;1;1;1;0;1;0;1;1;0;0;1;0;1;5;Evet;6
Erkek;Fen Fakültesi;Kimya;Hayýr;Hayýr;Instagram;12;1;0;1;0;1;1;0;1;1;0;1;0;1;1;1;0;0;0;0;1;0;0;1;0;4;Hayýr;12
Kadýn;Fen Fakültesi;Biyoloji;Hayýr;Hayýr;Haber Web Siteleri;11;0;1;0;1;0;1;0;0;1;1;1;1;0;0;0;1;1;0;1;0;0;1;0;0;3;Evet;13
Kadýn;Fen Fakültesi;Kimya;Hayýr;Hayýr;Instagram;16;0;1;1;1;0;1;1;1;1;0;1;1;0;1;0;1;1;1;1;1;0;1;0;0;4;Hayýr;8
Kadýn;Fen Fakültesi;Ýstatistik;Hayýr;Hayýr;Instagram;18;0;1;1;0;1;1;1;1;0;0;0;1;1;1;1;1;1;1;1;1;1;1;1;0;4;Evet;6
Erkek;Fen Fakültesi;Ýstatistik;Hayýr;Hayýr;Twitter;13;1;1;1;0;1;0;0;1;1;0;1;0;0;1;1;0;1;0;1;0;1;1;0;0;3;Evet;11
Kadýn;Eðitim Fakültesi;Okul Öncesi Öðretmenliði;Hayýr;Hayýr;TV;15;1;1;1;0;0;0;1;1;1;1;1;1;1;1;1;1;0;0;0;0;0;1;0;1;4;Evet;9
Kadýn;Eðitim Fakültesi;Fen Bilgisi Öðretmenliði;Evet;Hayýr;Haber Web Siteleri;11;0;1;1;0;1;0;0;0;1;0;1;0;0;1;0;0;0;1;1;0;1;1;0;1;4;Evet;13
Kadýn;Fen Fakültesi;Biyoloji;Hayýr;Hayýr;Twitter;11;1;1;0;0;1;1;0;1;1;0;1;0;0;1;1;0;1;0;0;1;0;0;0;0;2;Evet;13
Kadýn;Mühendislik Fakültesi;Gýda Mühendisliði;Hayýr;Hayýr;Twitter;16;0;1;0;1;1;1;0;1;1;1;1;1;0;1;1;1;0;0;1;0;1;1;0;1;3;Evet;8
Kadýn;Mühendislik Fakültesi;Gýda Mühendisliði;Hayýr;Hayýr;Instagram;16;1;1;0;1;1;0;0;1;1;0;1;0;1;1;1;0;1;0;1;0;1;1;1;1;3;Evet;8
Kadýn;Eðitim Fakültesi;Ýngilizce Öðretmenliði;Hayýr;Hayýr;Instagram;18;1;1;0;1;0;0;1;1;1;1;1;1;1;1;1;1;1;0;1;0;0;1;1;1;3;Hayýr;6
Erkek;Mühendislik Fakültesi;Fizik Mühendisliði;Hayýr;Hayýr;TV;16;0;1;1;1;0;0;1;1;1;0;1;0;1;1;0;1;1;1;1;1;0;1;0;1;2;Evet;8
Erkek;Eðitim Fakültesi;Biyoloji Öðretmenliði;Hayýr;Hayýr;Twitter;12;1;0;0;1;1;0;0;1;0;0;1;0;0;1;1;1;0;1;0;1;0;1;0;1;5;Hayýr;12
Kadýn;Eðitim Fakültesi;Fransýzca Öðretmenliði;Hayýr;Hayýr;Twitter;17;1;1;1;1;1;1;1;1;0;1;1;0;0;1;1;0;1;0;1;1;1;1;0;0;4;Hayýr;7
Erkek;Eðitim Fakültesi;Fransýzca Öðretmenliði;Hayýr;Hayýr;Instagram;14;1;0;1;0;0;0;1;1;0;1;1;0;0;1;1;0;1;0;1;1;1;1;1;0;3;Hayýr;10
Kadýn;Eðitim Fakültesi;Biyoloji Öðretmenliði;Hayýr;Hayýr;Twitter;17;0;1;1;1;0;1;1;1;1;0;1;0;1;1;1;1;1;1;1;0;0;1;0;1;3;Evet;7
Kadýn;Eðitim Fakültesi;Fizik Öðretmenliði;Hayýr;Hayýr;Twitter;15;1;1;0;0;0;0;0;1;1;1;0;1;1;1;1;1;0;1;1;1;0;1;0;1;3;Evet;9
Kadýn;Eðitim Fakültesi;Fizik Öðretmenliði;Hayýr;Hayýr;Haber Web Siteleri;17;1;1;1;1;0;1;0;1;1;1;1;1;1;0;0;1;0;1;1;1;1;1;0;0;4;Evet;7
Erkek;Eðitim Fakültesi;Almanca Öðretmenliði;Hayýr;Hayýr;Instagram;14;1;0;0;0;0;0;0;1;0;1;1;0;1;1;0;1;1;1;1;1;1;1;0;1;3;Hayýr;10
Erkek;Eðitim Fakültesi;Almanca Öðretmenliði;Hayýr;Hayýr;Twitter;17;1;0;1;1;1;0;1;1;1;0;1;1;1;1;0;1;1;0;1;0;0;1;1;1;4;Evet;7
Kadýn;Eðitim Fakültesi;Fizik Öðretmenliði;Hayýr;Hayýr;Twitter;13;0;1;1;0;0;0;0;1;1;1;1;1;1;1;0;1;0;1;0;0;0;1;0;1;3;Evet;11
Kadýn;Eðitim Fakültesi;Almanca Öðretmenliði;Hayýr;Hayýr;Haber Web Siteleri;9;1;0;1;1;0;1;1;0;1;0;0;0;1;0;0;1;0;1;0;0;0;0;0;0;3;Evet;15
Kadýn;Fen Fakültesi;Biyoloji;Hayýr;Hayýr;Twitter;15;1;1;1;0;0;0;0;1;0;1;1;1;1;1;1;0;0;1;1;0;1;1;0;1;4;Evet;9
Erkek;Eðitim Fakültesi;Almanca Öðretmenliði;Hayýr;Hayýr;Instagram;12;1;0;1;0;1;0;1;1;0;0;1;1;1;0;0;1;0;0;1;0;0;1;1;0;4;Hayýr;12
Kadýn;Eðitim Fakültesi;Biyoloji Öðretmenliði;Hayýr;Hayýr;Instagram;15;0;1;1;1;0;1;0;1;0;1;0;1;0;1;1;1;0;0;1;1;1;1;0;1;5;Evet;9
Kadýn;Eðitim Fakültesi;Biyoloji Öðretmenliði;Hayýr;Hayýr;Instagram;11;1;1;0;0;1;1;0;0;1;0;1;0;0;1;1;0;0;0;0;0;0;1;1;1;4;Evet;13
Kadýn;Eðitim Fakültesi;Kimya Öðretmenliði;Hayýr;Hayýr;Twitter;17;0;1;1;1;0;1;1;1;1;0;0;1;1;1;0;1;1;1;1;1;0;1;0;1;2;Evet;7
Kadýn;Eðitim Fakültesi;Kimya Öðretmenliði;Hayýr;Hayýr;Twitter;13;0;1;1;0;0;0;1;0;1;1;1;1;1;1;0;0;1;1;1;0;0;1;0;0;3;Evet;11
Kadýn;Eðitim Fakültesi;Kimya Öðretmenliði;Evet;Hayýr;Haber Web Siteleri;19;1;1;1;0;1;1;1;1;1;1;1;0;1;1;1;0;1;1;1;0;0;1;1;1;5;Hayýr;5
Kadýn;Eðitim Fakültesi;Kimya Öðretmenliði;Hayýr;Hayýr;Instagram;8;0;0;0;0;0;0;0;0;0;0;1;0;0;1;1;1;0;1;1;0;0;0;1;1;2;Evet;16
Kadýn;Eðitim Fakültesi;Fransýzca Öðretmenliði;Hayýr;Hayýr;Twitter;14;0;0;0;1;1;1;0;1;0;1;1;0;1;1;1;0;0;1;1;1;0;1;1;0;5;Evet;10
Kadýn;Eðitim Fakültesi;Fransýzca Öðretmenliði;Hayýr;Hayýr;Instagram;12;0;1;1;0;0;1;1;1;1;0;1;0;1;0;1;1;1;0;1;0;0;0;0;0;4;Evet;12
Erkek;Eðitim Fakültesi;Fransýzca Öðretmenliði;Hayýr;Hayýr;Instagram;15;1;1;0;0;1;0;0;1;1;1;1;0;1;0;1;1;1;1;1;0;0;1;0;1;4;Evet;9
Erkek;Eðitim Fakültesi;Fransýzca Öðretmenliði;Hayýr;Hayýr;Twitter;16;1;1;1;1;0;0;0;1;1;1;1;0;1;1;0;0;1;1;1;1;0;0;1;1;3;Hayýr;8
Erkek;Eðitim Fakültesi;Fransýzca Öðretmenliði;Hayýr;Hayýr;Haber Uygulamalarý;16;1;1;1;1;0;0;1;1;0;0;1;0;1;1;0;1;1;1;1;0;1;1;0;1;4;Hayýr;8
Erkek;Eðitim Fakültesi;Fransýzca Öðretmenliði;Hayýr;Hayýr;Haber Uygulamalarý;16;1;1;1;1;1;0;1;1;0;0;1;0;1;1;0;1;1;1;1;0;1;1;0;0;3;Hayýr;8
Kadýn;Eðitim Fakültesi;Ýngilizce Öðretmenliði;Evet;Hayýr;Haber Web Siteleri;16;0;1;1;0;1;1;0;1;1;0;1;0;1;1;0;1;1;1;1;0;1;1;0;1;3;Evet;8
Erkek;Eðitim Fakültesi;Özel Eðitim Öðretmenliði;Hayýr;Hayýr;Haber Uygulamalarý;8;1;1;0;0;0;0;1;1;0;0;0;0;1;1;0;0;0;0;0;0;1;0;0;1;4;Hayýr;16
Kadýn;Eðitim Fakültesi;Fransýzca Öðretmenliði;Evet;Hayýr;Twitter;14;0;1;0;1;1;1;1;1;1;0;1;0;0;1;0;1;1;0;1;0;0;1;0;1;4;Evet;10
Erkek;Fen Fakültesi;Biyoloji;Hayýr;Hayýr;Haber Uygulamalarý;18;1;1;1;1;0;0;1;1;0;1;1;1;1;1;1;0;0;1;1;1;1;1;0;1;2;Evet;6
Erkek;Ýletiþim Fakültesi;Ýletiþim Bilimleri;Hayýr;Hayýr;Haber Web Siteleri;13;1;1;0;1;0;0;0;1;0;0;1;0;1;1;1;0;1;1;1;0;1;1;0;0;4;Evet;11
Kadýn;Ýletiþim Fakültesi;Ýletiþim Bilimleri;Evet;Evet;Twitter;17;0;1;0;1;1;1;1;1;1;1;1;0;1;1;1;0;0;1;1;1;0;1;0;1;4;Evet;7
Kadýn;Ýletiþim Fakültesi;Ýletiþim Bilimleri;Hayýr;Hayýr;Instagram;15;1;1;1;0;1;0;1;1;1;0;0;0;1;1;1;1;1;0;1;1;0;1;0;0;4;Evet;9
Kadýn;Ýletiþim Fakültesi;Ýletiþim Bilimleri;Hayýr;Hayýr;Diðer;18;0;1;0;1;1;0;1;1;1;1;1;1;1;1;1;0;0;1;1;1;1;1;0;1;4;Evet;6
Kadýn;Ýletiþim Fakültesi;Ýletiþim Bilimleri;Hayýr;Hayýr;Diðer;16;1;0;1;0;1;1;0;1;1;0;1;1;1;1;1;1;0;0;1;0;1;1;0;1;5;Evet;8
Kadýn;Ýletiþim Fakültesi;Ýletiþim Bilimleri;Evet;Evet;Haber Uygulamalarý;14;0;1;0;1;1;0;1;0;0;1;1;1;1;0;0;0;1;1;1;1;0;1;0;1;3;Evet;10
Erkek;Ýletiþim Fakültesi;Ýletiþim Bilimleri;Hayýr;Hayýr;Twitter;16;1;1;1;0;1;0;1;1;0;1;1;0;0;1;1;0;1;1;1;1;1;0;0;1;5;Evet;8
Erkek;Fen Fakültesi;Ýstatistik;Hayýr;Evet;Haber Web Siteleri;14;1;1;0;1;0;0;0;1;1;1;1;0;0;1;0;1;0;1;1;1;0;1;0;1;3;Hayýr;10
Kadýn;Fen Fakültesi;Ýstatistik;Hayýr;Hayýr;Twitter;16;1;0;0;1;0;0;1;1;1;0;1;1;1;1;0;0;1;1;1;1;0;1;1;1;3;Evet;8
Erkek;Fen Fakültesi;Ýstatistik;Evet;Evet;Diðer;12;1;1;1;0;0;1;1;0;1;1;0;1;1;0;0;1;0;1;0;1;0;0;0;0;4;Hayýr;12
Erkek;Fen Fakültesi;Ýstatistik;Evet;Hayýr;Haber Uygulamalarý;18;0;1;0;1;1;1;1;1;1;1;1;0;1;1;1;0;1;1;1;1;0;1;0;1;2;Evet;6
Erkek;Fen Fakültesi;Ýstatistik;Evet;Hayýr;Twitter;17;0;1;1;1;1;1;1;0;0;1;1;1;0;1;0;0;0;1;1;1;1;1;1;1;4;Evet;7
Kadýn;Fen Fakültesi;Ýstatistik;Hayýr;Hayýr;Instagram;15;0;1;1;1;1;1;1;1;1;0;0;0;1;1;1;0;1;1;0;1;0;1;0;0;4;Evet;9
Kadýn;Fen Fakültesi;Ýstatistik;Hayýr;Hayýr;TV;12;1;0;0;0;0;0;1;1;0;0;1;0;0;1;1;0;1;0;1;0;1;1;1;1;3;Evet;12
Kadýn;Fen Fakültesi;Ýstatistik;Hayýr;Hayýr;Haber Web Siteleri;16;0;1;1;0;1;1;1;1;1;1;1;0;1;1;1;0;0;1;1;0;1;0;0;1;5;Evet;8
Kadýn;Fen Fakültesi;Ýstatistik;Hayýr;Hayýr;Instagram;15;1;1;0;0;0;0;0;1;1;0;1;1;0;1;1;1;1;0;1;1;0;1;1;1;3;Evet;9
Kadýn;Fen Fakültesi;Ýstatistik;Evet;Evet;Twitter;12;0;1;0;0;0;1;1;1;0;0;0;1;0;1;0;0;1;1;0;1;1;1;0;1;4;Evet;12
Erkek;Fen Fakültesi;Ýstatistik;Hayýr;Hayýr;Diðer;20;1;1;1;1;0;1;1;1;1;1;1;1;1;1;1;1;1;0;1;1;0;1;1;0;3;Evet;4
Kadýn;Ýletiþim Fakültesi;Ýletiþim Bilimleri;Hayýr;Hayýr;Twitter;14;0;1;0;1;1;0;1;1;0;1;1;0;1;1;0;0;1;1;1;0;0;1;1;0;3;Evet;10
Erkek;Fen Fakültesi;Ýstatistik;Hayýr;Hayýr;Haber Web Siteleri;15;1;1;1;1;1;1;1;1;0;0;1;0;0;1;1;0;0;0;1;1;1;0;0;1;4;Hayýr;9
Kadýn;Fen Fakültesi;Ýstatistik;Hayýr;Hayýr;Twitter;15;1;0;0;1;1;0;1;1;1;1;1;1;0;1;1;1;0;0;1;1;0;1;0;0;2;Evet;9
Kadýn;Fen Fakültesi;Aktüerya Bilimleri;Hayýr;Hayýr;Twitter;15;1;0;0;1;1;0;0;1;1;0;1;1;0;1;0;0;1;1;1;1;0;1;1;1;1;Hayýr;9
Kadýn;Fen Fakültesi;Ýstatistik;Hayýr;Hayýr;Twitter;18;0;1;1;1;0;1;1;1;0;1;1;0;1;1;0;1;0;1;1;1;1;1;1;1;4;Evet;6
Erkek;Mühendislik Fakültesi;Endüstri Mühendisliði;Hayýr;Evet;Haber Uygulamalarý;18;1;1;1;1;1;0;1;1;1;1;1;0;0;1;0;0;1;1;1;1;1;1;0;1;4;Evet;6
Kadýn;Ýletiþim Fakültesi;Ýletiþim Bilimleri;Hayýr;Evet;Twitter;11;0;1;0;0;0;1;0;1;0;0;1;1;0;0;1;0;1;1;0;1;0;0;1;1;5;Evet;13
Kadýn;Fen Fakültesi;Ýstatistik;Hayýr;Hayýr;Twitter;13;0;0;1;0;1;0;0;1;1;0;1;0;1;1;1;0;1;0;1;0;1;1;0;1;3;Evet;11
Erkek;Ýletiþim Fakültesi;Ýletiþim Bilimleri;Hayýr;Evet;Twitter;15;0;1;1;1;1;0;1;0;1;1;0;1;1;1;0;0;1;1;1;1;0;1;0;0;3;Evet;9
Kadýn;Ýletiþim Fakültesi;Ýletiþim Bilimleri;Evet;Hayýr;Twitter;17;1;1;1;1;1;1;1;0;1;0;1;0;1;1;1;0;1;0;1;0;0;1;1;1;3;Evet;7
Erkek;Ýletiþim Fakültesi;Ýletiþim Bilimleri;Hayýr;Hayýr;Twitter;14;0;1;1;1;1;1;0;0;0;0;1;0;0;1;1;1;1;1;0;1;0;1;0;1;5;Evet;10
Kadýn;Ýletiþim Fakültesi;Ýletiþim Bilimleri;Evet;Hayýr;Haber Uygulamalarý;21;0;1;1;1;1;1;1;1;1;1;1;1;0;1;1;1;1;1;1;1;1;1;0;1;4;Evet;3
Erkek;Ýletiþim Fakültesi;Ýletiþim Bilimleri;Evet;Hayýr;Haber Uygulamalarý;21;1;1;1;1;1;1;1;1;1;1;1;0;0;1;1;1;1;1;1;1;0;1;1;1;3;Evet;3
Kadýn;Ýletiþim Fakültesi;Ýletiþim Bilimleri;Evet;Hayýr;Haber Uygulamalarý;21;0;1;1;1;1;1;0;1;1;1;1;0;1;1;1;1;1;1;1;1;1;1;1;1;5;Evet;3
Erkek;Ýletiþim Fakültesi;Ýletiþim Bilimleri;Hayýr;Hayýr;Twitter;14;0;1;0;0;1;1;1;1;0;0;1;1;0;1;1;0;0;1;1;1;0;1;0;1;3;Evet;10
Kadýn;Ýletiþim Fakültesi;Ýletiþim Bilimleri;Hayýr;Hayýr;Twitter;18;1;1;1;1;1;1;0;1;0;1;1;1;0;1;1;0;1;1;1;1;0;1;0;1;3;Evet;6
Erkek;Ýletiþim Fakültesi;Ýletiþim Bilimleri;Hayýr;Evet;Twitter;12;0;1;1;0;1;0;1;1;1;1;1;0;0;1;0;0;0;1;1;0;0;1;0;0;4;Evet;12
Kadýn;Fen Fakültesi;Ýstatistik;Hayýr;Hayýr;Haber Web Siteleri;13;0;1;0;1;0;0;0;1;1;0;1;0;1;1;0;1;1;1;1;0;1;1;0;0;3;Evet;11
Kadýn;Ýletiþim Fakültesi;Ýletiþim Bilimleri;Hayýr;Hayýr;Haber Web Siteleri;21;1;1;1;1;1;1;1;1;1;1;1;0;1;1;1;1;0;1;1;1;0;1;1;1;3;Evet;3
Kadýn;Ýletiþim Fakültesi;Ýletiþim Bilimleri;Evet;Hayýr;Haber Web Siteleri;12;0;1;1;1;0;0;1;1;1;1;1;0;1;0;0;0;0;1;1;0;0;0;0;1;4;Evet;12
Erkek;Ýletiþim Fakültesi;Ýletiþim Bilimleri;Evet;Evet;Haber Uygulamalarý;19;1;1;1;1;1;1;1;1;1;1;1;0;0;1;1;1;1;1;0;1;1;0;0;1;4;Evet;5
Kadýn;Ýletiþim Fakültesi;Ýletiþim Bilimleri;Evet;Hayýr;Instagram;22;0;1;1;0;1;1;1;1;1;1;1;1;1;1;1;1;1;1;1;1;1;1;1;1;2;Evet;2
Erkek;Ýletiþim Fakültesi;Ýletiþim Bilimleri;Hayýr;Evet;Haber Web Siteleri;17;1;1;1;0;0;0;1;1;1;0;1;1;1;0;1;1;0;0;1;1;1;1;1;1;3;Hayýr;7
Erkek;Ýletiþim Fakültesi;Ýletiþim Bilimleri;Hayýr;Hayýr;Haber Web Siteleri;20;1;1;1;1;1;0;1;1;1;0;1;0;1;1;1;1;1;1;1;0;1;1;1;1;3;Evet;4
Erkek;Ýletiþim Fakültesi;Ýletiþim Bilimleri;Hayýr;Evet;Twitter;15;0;1;0;0;1;1;1;1;1;0;1;0;1;0;1;1;1;1;1;0;0;1;0;1;3;Evet;9
Kadýn;Ýletiþim Fakültesi;Ýletiþim Bilimleri;Hayýr;Hayýr;Twitter;14;1;0;0;1;0;0;0;1;0;1;1;0;1;1;1;0;1;0;1;1;0;1;1;1;4;Evet;10
Kadýn;Ýletiþim Fakültesi;Ýletiþim Bilimleri;Evet;Hayýr;Twitter;16;1;0;0;1;1;1;1;0;1;0;1;1;1;1;1;0;1;1;1;0;0;1;0;1;4;Evet;8
Kadýn;Ýletiþim Fakültesi;Ýletiþim Bilimleri;Hayýr;Hayýr;Twitter;17;0;1;0;1;1;1;1;1;1;1;1;1;1;1;1;0;1;1;1;0;0;1;0;0;3;Evet;7
Kadýn;Ýletiþim Fakültesi;Ýletiþim Bilimleri;Evet;Hayýr;Twitter;17;1;1;1;1;0;0;1;1;1;1;1;0;1;1;0;1;1;0;1;1;0;1;1;0;4;Evet;7
Erkek;Mühendislik Fakültesi;Yapay Zeka Mühendisliði;Hayýr;Evet;Twitter;18;1;1;1;0;0;1;0;1;1;1;1;1;1;1;0;1;1;1;1;1;0;1;0;1;3;Hayýr;6
Erkek;Eðitim Fakültesi;Matematik Öðretmenliði;Hayýr;Hayýr;Instagram;18;1;1;0;0;0;1;1;1;1;0;1;0;1;1;1;0;1;1;1;1;1;1;1;1;2;Evet;6
Kadýn;Ýletiþim Fakültesi;Ýletiþim Bilimleri;Hayýr;Hayýr;Twitter;14;1;1;0;1;1;0;1;1;1;0;1;0;1;0;0;1;1;1;0;1;0;1;0;0;4;Evet;10
Erkek;Mühendislik Fakültesi;Yapay Zeka Mühendisliði;Hayýr;Hayýr;Haber Web Siteleri;19;1;1;1;1;1;0;0;0;1;1;1;1;1;1;0;1;0;1;1;1;1;1;1;1;4;Evet;5
Kadýn;Ýletiþim Fakültesi;Ýletiþim Bilimleri;Hayýr;Hayýr;Haber Uygulamalarý;14;0;1;0;1;1;0;0;1;0;1;1;1;1;0;1;1;1;1;0;0;0;1;1;0;3;Evet;10
Kadýn;Ýletiþim Fakültesi;Ýletiþim Bilimleri;Hayýr;Hayýr;Twitter;13;1;1;0;1;1;0;0;1;0;1;1;0;1;1;0;0;1;0;1;0;0;1;0;1;4;Evet;11
Erkek;Ýletiþim Fakültesi;Ýletiþim Bilimleri;Hayýr;Evet;Twitter;17;1;1;1;1;1;0;1;1;0;1;1;0;1;0;1;1;1;1;1;0;0;1;0;1;4;Evet;7
Erkek;Ýletiþim Fakültesi;Ýletiþim Bilimleri;Hayýr;Hayýr;Twitter;13;0;0;1;0;0;0;1;0;1;1;1;1;1;0;1;1;1;1;0;1;0;1;0;0;4;Hayýr;11
Kadýn;Ýletiþim Fakültesi;Ýletiþim Bilimleri;Hayýr;Hayýr;Instagram;15;0;1;1;1;1;0;0;0;1;1;1;0;1;0;0;1;1;1;1;1;0;1;0;1;2;Hayýr;9
Kadýn;Mühendislik Fakültesi;Yapay Zeka Mühendisliði;Hayýr;Hayýr;Twitter;15;1;1;0;1;0;0;0;1;0;1;0;1;1;1;1;0;1;1;1;1;1;1;0;0;4;Hayýr;9
Erkek;Ýletiþim Fakültesi;Ýletiþim Bilimleri;Hayýr;Evet;Twitter;16;0;0;1;1;1;1;0;1;0;0;1;1;1;1;1;0;1;1;1;1;0;1;1;0;3;Evet;8
Kadýn;Eðitim Fakültesi;Okul Öncesi Öðretmenliði;Hayýr;Hayýr;Twitter;17;1;1;0;0;1;1;1;1;1;0;1;1;0;1;1;1;0;1;1;1;0;0;1;1;3;Evet;7
Erkek;Eðitim Fakültesi;Bilgisayar ve Öðretim Teknikleri Öðretmenliði;Hayýr;Hayýr;Haber Uygulamalarý;14;1;1;0;1;0;1;1;1;1;0;1;0;1;1;0;1;1;1;0;0;0;1;0;0;2;Evet;10
Erkek;Eðitim Fakültesi;Bilgisayar ve Öðretim Teknikleri Öðretmenliði;Hayýr;Hayýr;Haber Web Siteleri;8;0;1;1;0;0;0;0;0;1;1;0;0;0;0;0;1;0;1;0;1;0;0;1;0;1;Hayýr;16
Kadýn;Eðitim Fakültesi;Okul Öncesi Öðretmenliði;Hayýr;Hayýr;Instagram;18;1;1;0;0;0;1;1;1;1;0;1;1;1;1;1;0;1;1;1;1;1;1;0;1;3;Evet;6
Kadýn;Fen Fakültesi;Ýstatistik;Hayýr;Hayýr;TV;15;0;1;1;1;0;0;0;1;1;1;1;1;1;1;0;1;0;0;1;1;1;1;0;0;3;Evet;9
Erkek;Mühendislik Fakültesi;Endüstri Mühendisliði;Hayýr;Hayýr;Instagram;15;0;1;1;1;1;0;0;0;1;0;0;1;1;1;0;1;1;1;1;1;1;0;0;1;4;Hayýr;9
Kadýn;Eðitim Fakültesi;Fen Bilgisi Öðretmenliði;Hayýr;Hayýr;Instagram;13;1;0;1;1;1;0;0;0;0;0;1;0;1;1;1;0;1;1;1;0;0;1;0;1;3;Evet;11
Kadýn;Eðitim Fakültesi;Biyoloji Öðretmenliði;Evet;Hayýr;Twitter;14;1;1;0;1;1;0;0;1;1;0;0;0;1;0;1;1;0;0;1;1;1;1;0;1;4;Evet;10
Erkek;Ýletiþim Fakültesi;Ýletiþim Bilimleri;Hayýr;Hayýr;Twitter;20;1;1;0;1;1;1;1;1;1;1;1;0;1;1;1;1;0;1;1;1;1;1;0;1;5;Evet;4
Kadýn;Eðitim Fakültesi;Fizik Öðretmenliði;Hayýr;Hayýr;Twitter;16;1;1;1;1;1;1;0;1;0;0;1;1;1;1;0;0;1;0;1;1;0;1;0;1;5;Evet;8
Erkek;Eðitim Fakültesi;Bilgisayar ve Öðretim Teknikleri Öðretmenliði;Evet;Evet;Diðer;13;0;1;0;1;0;1;0;0;1;1;0;1;1;1;0;1;0;1;1;1;1;0;0;0;3;Hayýr;11
Kadýn;Eðitim Fakültesi;Kimya Öðretmenliði;Evet;Hayýr;Twitter;16;1;1;0;1;1;1;1;0;1;0;1;0;0;1;1;1;0;0;1;0;1;1;1;1;3;Evet;8
Kadýn;Fen Fakültesi;Ýstatistik;Hayýr;Hayýr;Twitter;15;1;0;1;0;0;1;1;1;0;1;1;1;0;1;0;1;1;1;1;0;1;0;1;0;4;Evet;9
Erkek;Ýletiþim Fakültesi;Ýletiþim Bilimleri;Evet;Evet;Instagram;15;1;1;1;0;0;1;0;1;1;0;0;0;1;1;1;1;0;1;0;1;1;1;1;0;4;Hayýr;9
Kadýn;Ýletiþim Fakültesi;Ýletiþim Bilimleri;Hayýr;Hayýr;Twitter;14;0;1;0;0;0;0;0;1;1;1;1;0;1;1;1;1;0;1;1;1;1;0;0;1;5;Evet;10
Kadýn;Eðitim Fakültesi;Sýnýf Öðretmenliði;Evet;Evet;Haber Web Siteleri;15;0;1;1;1;0;1;1;1;1;0;1;0;0;1;1;0;0;1;1;1;0;1;0;1;3;Evet;9
Kadýn;Ýletiþim Fakültesi;Ýletiþim Bilimleri;Hayýr;Evet;Instagram;18;1;0;1;1;1;1;0;1;1;1;1;0;1;1;1;1;1;1;1;1;0;0;1;0;3;Evet;6
Erkek;Eðitim Fakültesi;Özel Eðitim Öðretmenliði;Hayýr;Evet;TV;11;0;1;0;0;1;1;1;0;1;0;0;1;0;0;1;1;0;1;0;0;0;1;1;0;2;Evet;13
Kadýn;Eðitim Fakültesi;Sýnýf Öðretmenliði;Evet;Hayýr;Twitter;16;0;1;0;1;0;1;1;1;1;1;1;0;1;1;1;1;1;1;1;1;0;0;0;0;4;Evet;8
Erkek;Ýletiþim Fakültesi;Ýletiþim Bilimleri;Hayýr;Hayýr;Twitter;15;0;0;1;1;0;0;0;0;1;1;1;0;1;1;1;1;1;1;1;1;0;1;0;1;3;Evet;9
Kadýn;Ýletiþim Fakültesi;Ýletiþim Bilimleri;Hayýr;Hayýr;Instagram;14;1;1;1;0;1;1;1;0;0;0;0;1;1;1;0;1;0;1;1;1;0;0;1;0;4;Evet;10
Erkek;Ýletiþim Fakültesi;Ýletiþim Bilimleri;Evet;Hayýr;Twitter;18;1;1;0;1;0;1;1;0;1;1;1;1;1;1;1;1;0;1;1;1;0;1;1;0;4;Hayýr;6
Erkek;Ýletiþim Fakültesi;Ýletiþim Bilimleri;Evet;Hayýr;Diðer;17;0;1;1;1;0;1;1;0;1;1;1;1;1;1;0;1;0;1;1;1;0;1;0;1;3;Evet;7
Kadýn;Ýletiþim Fakültesi;Ýletiþim Bilimleri;Hayýr;Hayýr;Instagram;13;1;0;1;1;1;1;1;1;0;0;1;0;0;1;0;0;0;1;1;0;0;1;0;1;2;Evet;11
Kadýn;Ýletiþim Fakültesi;Ýletiþim Bilimleri;Hayýr;Hayýr;Twitter;13;0;0;0;0;1;1;0;1;0;1;1;0;1;1;1;0;1;0;1;0;1;1;0;1;4;Evet;11
Erkek;Eðitim Fakültesi;Türkçe Öðretmenliði;Hayýr;Hayýr;Haber Web Siteleri;16;0;1;0;0;1;1;1;1;1;0;1;1;1;1;0;1;0;1;1;1;0;1;0;1;5;Evet;8
Erkek;Eðitim Fakültesi;Türkçe Öðretmenliði;Hayýr;Hayýr;Instagram;17;1;0;0;1;0;1;0;1;1;1;0;1;1;1;1;1;1;1;1;1;0;1;0;1;4;Evet;7
Kadýn;Ýletiþim Fakültesi;Ýletiþim Bilimleri;Hayýr;Hayýr;Haber Web Siteleri;16;0;1;1;1;0;0;1;1;1;1;0;0;1;1;1;0;1;1;1;1;1;1;0;0;3;Evet;8
Erkek;Ýletiþim Fakültesi;Ýletiþim Bilimleri;Evet;Hayýr;Instagram;11;0;0;1;1;1;0;1;1;1;0;0;0;0;0;0;1;1;1;0;1;1;0;0;0;3;Evet;13
Kadýn;Ýletiþim Fakültesi;Ýletiþim Bilimleri;Evet;Evet;Haber Uygulamalarý;16;1;1;0;1;0;0;1;1;1;1;1;1;1;1;0;0;0;1;1;1;1;1;0;0;3;Hayýr;8
Erkek;Ýletiþim Fakültesi;Ýletiþim Bilimleri;Hayýr;Hayýr;Twitter;13;1;0;1;1;1;0;0;1;1;0;0;1;1;1;1;1;1;0;0;0;0;1;0;0;2;Hayýr;11
Kadýn;Eðitim Fakültesi;Biyoloji Öðretmenliði;Hayýr;Hayýr;Twitter;16;1;1;1;0;1;0;0;1;0;1;1;0;0;1;1;1;1;1;1;1;0;1;0;1;3;Hayýr;8